"","away_team_api_id","home_team_api_id","H_overall_rating","A_overall_rating","H_potential","A_potential","H_buildUpPlaySpeedClass","H_buildUpPlayDribblingClass","H_buildUpPlayPassingClass","H_buildUpPlayPositioningClass","H_chanceCreationPassingClass","H_chanceCreationCrossingClass","H_chanceCreationShootingClass","H_chanceCreationPositioningClass","H_defencePressureClass","H_defenceAggressionClass","H_defenceTeamWidthClass","A_buildUpPlaySpeedClass","A_buildUpPlayDribblingClass","A_buildUpPlayPassingClass","A_buildUpPlayPositioningClass","A_chanceCreationPassingClass","A_chanceCreationCrossingClass","A_chanceCreationShootingClass","A_chanceCreationPositioningClass","A_defencePressureClass","A_defenceAggressionClass","A_defenceTeamWidthClass","result"
"1155",8528,10172,783,778,801,837,2,1,2,2,2,2,2,2,2,3,2,2,1,2,2,2,2,2,2,2,3,2,2
"1156",8659,10194,811,819.5939669,856,868.0962077,3,1,3,2,2,3,2,2,2,3,2,2,1,2,2,2,2,2,2,2,3,2,3
"1158",10252,8602,795,834,856,879,3,1,3,2,2,3,2,2,2,3,2,3,1,2,2,2,2,2,2,2,3,2,3
"1159",9906,8560,790,843,838,911,1,1,2,2,2,2,2,2,2,3,3,2,1,2,2,3,2,2,2,2,3,2,3
"1160",8302,8603,787,821,820,876,2,1,2,2,2,2,2,2,2,3,2,2,1,2,2,2,2,2,2,2,3,2,1
"1162",7878,8558,805,819.5939669,854,801,2,1,2,2,2,2,2,2,2,3,2,2,1,2,2,3,3,2,2,2,3,3,2
"1163",10260,9825,874,885,926,937,1,1,1,2,2,2,1,1,2,3,2,2,1,2,2,2,2,2,2,2,3,2,3
"1165",8315,8633,904,848,950,896,2,1,2,1,3,2,3,1,2,3,3,2,1,2,2,2,3,2,2,2,3,3,2
"1168",8394,8581,817.8481077,786,868.4805294,836,2,1,2,2,2,2,2,2,2,3,2,2,1,1,2,2,2,2,2,2,3,2,1
"1170",9869,10205,835,819.5939669,876,868.0962077,1,1,1,2,2,2,2,2,2,3,2,2,1,2,2,3,2,2,2,2,3,2,2
"1171",8315,8370,776,818,800,852,2,1,2,2,2,2,2,2,2,3,2,2,1,2,2,2,3,2,2,2,3,3,3
"1172",8394,8633,905,786,940,836,2,1,2,1,3,2,3,1,2,3,3,2,1,1,2,2,2,2,2,2,3,2,2
"1173",8661,8558,805,803,845,851,2,1,2,2,2,2,2,2,2,3,2,2,1,2,2,2,2,2,2,2,3,2,2
"1174",8634,10205,835,948,876,972,1,1,1,2,2,2,2,2,2,3,2,1,1,1,1,2,1,2,1,2,3,2,1
"1175",10267,8696,788,814,819,905,2,1,2,2,2,3,2,2,2,3,3,1,1,2,2,2,2,2,2,2,3,2,1
"1177",7878,8603,790,819.5939669,818,821,2,1,2,2,2,2,2,2,2,3,2,2,1,2,2,3,3,2,2,2,3,3,3
"1178",8305,8581,793,805,818,832,2,1,2,2,2,2,2,2,2,3,2,1,1,2,2,2,2,2,2,2,3,2,3
"1181",10194,10260,861,829,901,876,2,1,2,2,2,2,2,2,2,3,2,3,1,3,2,2,3,2,2,2,3,2,2
"1182",8455,10003,800,894,883,925,1,1,1,2,2,2,2,1,2,3,2,2,1,2,2,2,2,2,2,2,3,2,1
"1183",8528,8586,880,787,922,843,2,1,2,2,2,2,2,2,2,3,2,2,1,2,2,2,2,2,2,2,3,2,2
"1184",8650,8602,785,869,848,899,3,1,3,2,2,3,2,2,2,3,2,2,1,2,2,2,3,2,2,2,3,2,3
"1185",8456,8668,834,896,865,950,2,1,2,2,2,2,2,2,2,3,2,2,1,2,2,2,2,2,1,2,3,2,2
"1186",9825,8559,784,890,829,932,2,1,2,2,2,2,2,2,2,3,2,1,1,1,2,2,2,1,1,2,3,2,1
"1187",9850,8472,813,778,869,820,3,1,2,2,2,3,2,2,2,3,2,2,1,2,2,2,3,2,2,2,3,2,2
"1188",10172,10252,827,777,870,801,3,1,2,2,2,2,2,2,2,3,2,2,1,2,2,2,2,2,2,2,3,2,1
"1189",10261,8655,806,821,863,878,2,1,2,2,2,2,2,2,2,3,2,2,1,2,2,2,3,2,2,2,3,2,3
"1190",8659,9879,821,819.5939669,860,868.0962077,2,1,2,2,2,2,2,2,2,3,2,2,1,2,2,2,2,2,2,2,3,2,1
"1192",9879,8456,881,823,932,856,2,1,2,2,2,2,2,1,2,3,2,2,1,2,2,2,2,2,2,2,3,2,2
"1194",8602,10172,816,783,840,858,2,1,2,2,2,2,2,2,2,3,2,3,1,3,2,2,3,2,2,2,3,2,3
"1195",8472,10194,811,793,852,862,3,1,3,2,2,3,2,2,2,3,2,3,1,2,2,2,3,2,2,2,3,2,3
"1197",8668,8528,787,837,843,869,2,1,2,2,2,2,2,2,2,3,2,2,1,2,2,2,2,2,2,2,3,2,1
"1198",8633,8305,802,937,830,962,1,1,2,2,2,2,2,2,2,3,2,2,1,2,1,3,2,3,1,2,3,3,3
"1200",8696,8581,793,768,818,811,2,1,2,2,2,2,2,2,2,3,2,2,1,2,2,2,3,2,2,2,3,3,1
"1202",8558,8315,824,819.5939669,878,861,2,1,2,2,2,3,2,2,2,3,3,2,1,2,2,2,2,2,2,2,3,2,1
"1203",10260,8455,882,879,929,928,2,1,2,2,2,2,2,2,2,3,2,2,1,2,2,2,2,2,2,2,3,2,1
"1204",10252,10261,815,831,876,870,2,1,2,2,2,3,2,2,2,3,2,3,1,2,2,2,2,2,2,2,3,2,2
"1205",8370,8394,789,765,825,811,2,1,1,2,2,2,2,2,2,3,2,2,1,2,2,2,2,2,2,2,3,2,3
"1207",8371,9869,817.8481077,784,868.4805294,816,2,1,2,2,3,2,2,2,2,3,2,2,1,2,2,2,2,2,2,2,3,3,1
"1208",10205,8302,840,842,887,872,2,1,2,2,2,2,2,2,2,3,2,1,1,1,2,2,2,2,2,2,3,2,3
"1209",8586,8650,865,880,911,915,2,1,2,2,2,3,2,2,2,3,2,2,1,2,2,2,2,2,2,2,3,2,1
"1210",9864,7878,794,833,825,861,2,1,2,2,3,3,2,2,2,3,3,2,1,2,2,3,3,2,2,2,3,2,2
"1211",10172,8655,797,802,863,841,2,1,2,2,2,2,2,2,2,3,2,2,1,2,2,2,2,2,2,2,3,2,2
"1216",9825,8472,813,890,869,925,3,1,2,2,2,3,2,2,2,3,2,1,1,1,2,2,2,1,1,2,3,2,3
"1220",8315,8603,791,825,827,875,2,1,2,2,2,2,2,2,2,3,2,2,1,2,2,2,3,2,2,2,3,3,2
"1221",9906,8696,782,847,821,907,2,1,2,2,2,3,2,2,2,3,3,2,1,2,2,3,2,2,2,2,3,2,1
"1222",8456,10252,827,876,856,927,3,1,2,2,2,2,2,2,2,3,2,2,1,2,2,2,2,2,1,2,3,2,3
"1223",8659,8602,807,803,856,838,3,1,3,2,2,3,2,2,2,3,2,2,1,2,2,2,2,2,2,2,3,2,3
"1224",8661,9864,824,781,868,827,2,1,2,2,3,3,2,2,2,3,2,2,1,2,2,2,2,2,2,2,3,2,2
"1226",8394,8558,805,778,854,827,2,1,2,2,2,2,2,2,2,3,2,2,1,1,2,2,2,2,2,2,3,2,3
"1228",8305,8370,782,810,831,836,2,1,2,2,2,2,2,2,2,3,2,1,1,2,2,2,2,2,2,2,3,2,2
"1229",9869,10267,844,819.5939669,887,868.0962077,1,1,2,2,2,2,2,2,2,3,2,2,1,2,2,3,2,2,2,2,3,2,2
"1230",8302,8560,789,838,844,874,1,1,2,2,2,2,2,2,2,3,3,2,1,2,2,2,2,2,2,2,3,2,2
"1232",8371,8302,837,775,880,801,2,1,2,2,2,2,2,2,2,3,2,2,1,2,2,2,2,2,2,2,3,3,2
"1233",8558,8305,813,819.5939669,834,856,1,1,2,2,2,2,2,2,2,3,2,2,1,2,2,2,2,2,2,2,3,2,1
"1234",9864,8315,817,829,871,871,2,1,2,2,2,3,2,2,2,3,3,2,1,2,2,3,3,2,2,2,3,2,2
"1235",8560,7878,791,796,819,857,2,1,2,2,3,3,2,2,2,3,3,1,1,2,2,2,2,2,2,2,3,3,2
"1236",9906,9869,817.8481077,825,868.4805294,902,2,1,2,2,3,2,2,2,2,3,2,2,1,2,2,3,2,2,2,2,3,2,1
"1238",8370,8581,792,767,811,818,2,1,2,2,2,2,2,2,2,3,2,2,1,2,2,2,2,2,2,2,3,2,3
"1240",8603,8394,789,791,825,834,2,1,1,2,2,2,2,2,2,3,2,2,1,2,2,2,2,2,2,2,3,2,3
"1242",8655,8456,892,768,940,848,2,1,2,2,2,2,2,1,2,3,2,2,1,2,2,2,2,2,2,2,3,2,2
"1243",8602,10261,840,775,899,843,2,1,2,2,2,3,2,2,2,3,2,3,1,3,2,2,3,2,2,2,3,2,1
"1244",9879,10172,803,841,842,867,2,1,2,2,2,2,2,2,2,3,2,2,1,2,2,2,2,2,2,2,3,2,3
"1245",8472,8659,793,797,826,864,2,1,2,2,2,2,2,2,2,3,2,3,1,2,2,2,3,2,2,2,3,2,2
"1247",8305,8603,785,808,819,834,2,1,2,2,2,2,2,2,2,3,2,1,1,2,2,2,2,2,2,2,3,2,1
"1248",9869,8696,786,819.5939669,820,868.0962077,2,1,2,2,2,3,2,2,2,3,3,2,1,2,2,3,2,2,2,2,3,2,1
"1249",8581,8558,796,801,853,823,2,1,2,2,2,2,2,2,2,3,2,2,1,2,2,2,2,2,2,2,3,2,3
"1250",8394,9864,824,765,868,829,2,1,2,2,3,3,2,2,2,3,2,2,1,1,2,2,2,2,2,2,3,2,2
"1251",8586,9825,868,889,917,919,1,1,1,2,2,2,1,1,2,3,2,2,1,2,2,2,2,2,2,2,3,2,2
"1254",8661,8560,787,796,842,827,1,1,2,2,2,2,2,2,2,3,3,2,1,2,2,2,2,2,2,2,3,2,2
"1255",8634,9906,840,958,908,980,2,1,2,2,3,2,2,2,2,3,2,1,1,1,1,2,1,2,1,2,3,2,3
"1256",8315,10205,838,826,872,871,1,1,1,2,2,2,2,2,2,3,2,2,1,2,2,2,3,2,2,2,3,3,1
"1257",8633,8370,782,939,831,963,2,1,2,2,2,2,2,2,2,3,2,2,1,2,1,3,2,3,1,2,3,3,3
"1259",7878,8371,793,819.5939669,809,819,2,1,2,2,2,2,2,2,2,3,3,2,1,2,2,3,3,2,2,2,3,3,2
"1263",8668,10172,802,843,836,858,2,1,2,2,2,2,2,2,2,3,2,2,1,2,2,2,2,2,2,2,3,2,1
"1264",9850,10194,813,766,867,823,3,1,3,2,2,3,2,2,2,3,2,2,1,2,2,2,3,2,2,2,3,2,2
"1265",8455,8659,793,909,826,933,2,1,2,2,2,2,2,2,2,3,2,2,1,2,2,2,2,2,2,2,3,2,2
"1266",10003,8528,787,798,840,877,2,1,2,2,2,2,2,2,2,3,2,1,1,1,2,2,2,2,1,2,3,2,3
"1267",8696,8370,783,782,832,815,2,1,2,2,2,2,2,2,2,3,2,2,1,2,2,2,3,2,2,2,3,3,2
"1270",9869,8634,908,819.5939669,957,868.0962077,1,1,1,1,2,1,2,1,2,3,2,2,1,2,2,3,2,2,2,2,3,2,2
"1272",8602,9879,836,779,860,848,2,1,2,2,2,2,2,2,2,3,2,3,1,3,2,2,3,2,2,2,3,2,2
"1274",10260,8586,862,895,909,943,2,1,2,2,2,2,2,2,2,3,2,2,1,2,2,2,2,2,2,2,3,2,3
"1275",10205,8394,789,836,833,873,2,1,1,2,2,2,2,2,2,3,2,1,1,1,2,2,2,2,2,2,3,2,2
"1277",8560,8315,838,792,896,855,2,1,2,2,2,3,2,2,2,3,3,1,1,2,2,2,2,2,2,2,3,3,2
"1278",8558,8633,915,819.5939669,951,869,2,1,2,1,3,2,3,1,2,3,3,2,1,2,2,2,2,2,2,2,3,2,2
"1282",10194,8455,891,796,926,867,2,1,2,2,2,2,2,2,2,3,2,3,1,3,2,2,3,2,2,2,3,2,2
"1283",8586,8668,835,890,870,921,2,1,2,2,2,2,2,2,2,3,2,2,1,2,2,2,2,2,2,2,3,2,2
"1284",8650,8472,806,856,858,896,3,1,2,2,2,3,2,2,2,3,2,2,1,2,2,2,3,2,2,2,3,2,2
"1288",8394,8560,799,773,837,831,1,1,2,2,2,2,2,2,2,3,3,2,1,1,2,2,2,2,2,2,3,2,2
"1289",8633,8603,791,939,827,963,2,1,2,2,2,2,2,2,2,3,2,2,1,2,1,3,2,3,1,2,3,3,3
"1293",8315,8371,796,815,814,855,2,1,2,2,2,2,2,2,2,3,3,2,1,2,2,2,3,2,2,2,3,3,2
"1294",7878,9906,833,819.5939669,911,799,2,1,2,2,3,2,2,2,2,3,2,2,1,2,2,3,3,2,2,2,3,3,2
"1298",10261,9825,863,833,923,891,1,1,1,2,2,2,1,1,2,3,2,2,1,2,2,2,3,2,2,2,3,2,2
"1299",8305,10205,834,814,868.4805294,846,1,1,1,2,2,2,2,2,2,3,2,1,1,2,2,2,2,2,2,2,3,2,3
"1300",8668,8650,869,845,918,885,2,1,2,2,2,3,2,2,2,3,2,2,1,2,2,2,2,2,2,2,3,2,2
"1302",8659,8528,788,796,841,841,2,1,2,2,2,2,2,2,2,3,2,2,1,2,2,2,2,2,2,2,3,2,1
"1303",8560,8305,809,791,843,858,1,1,2,2,2,2,2,2,2,3,2,1,1,2,2,2,2,2,2,2,3,3,2
"1306",8603,8370,782,795,831,818,2,1,2,2,2,2,2,2,2,3,2,2,1,2,2,2,2,2,2,2,3,2,2
"1307",9869,7878,788,819.5939669,814,868.0962077,2,1,2,2,3,3,2,2,2,3,3,2,1,2,2,3,2,2,2,2,3,2,2
"1308",9850,10261,834,758,885,811,2,1,2,2,2,3,2,2,2,3,2,2,1,2,2,2,3,2,2,2,3,2,2
"1310",9906,8661,801,819,849,901,2,1,2,2,2,2,2,2,2,3,2,2,1,2,2,3,2,2,2,2,3,2,2
"1312",10267,8315,825,828,881,891,2,1,2,2,2,3,2,2,2,3,3,1,1,2,2,2,2,2,2,2,3,2,3
"1313",9864,8633,920,846,960,875,2,1,2,1,3,2,3,1,2,3,3,2,1,2,2,3,3,2,2,2,3,2,1
"1314",8696,8558,797,773,847,814,2,1,2,2,2,2,2,2,2,3,2,2,1,2,2,2,3,2,2,2,3,3,2
"1315",8472,8655,793,810,869,858,2,1,2,2,2,2,2,2,2,3,2,3,1,2,2,2,3,2,2,2,3,2,2
"1316",8305,8371,796,809,815,838,2,1,2,2,2,2,2,2,2,3,3,1,1,2,2,2,2,2,2,2,3,2,1
"1318",9825,8668,836,866,865,915,2,1,2,2,2,2,2,2,2,3,2,1,1,1,2,2,2,1,1,2,3,2,3
"1320",8650,10172,811,884,854,913,2,1,2,2,2,2,2,2,2,3,2,2,1,2,2,2,3,2,2,2,3,2,2
"1322",8661,9869,817.8481077,795,868.4805294,832,2,1,2,2,3,2,2,2,2,3,2,2,1,2,2,2,2,2,2,2,3,2,3
"1323",8581,8560,797,800,835,824,1,1,2,2,2,2,2,2,2,3,3,2,1,2,2,2,2,2,2,2,3,2,3
"1324",8315,9906,838,818,911,864,2,1,2,2,3,2,2,2,2,3,2,2,1,2,2,2,3,2,2,2,3,3,2
"1326",8394,10267,836,768,889,829,1,1,2,2,2,2,2,2,2,3,2,2,1,1,2,2,2,2,2,2,3,2,3
"1327",8558,8603,788,819.5939669,819,839,2,1,2,2,2,2,2,2,2,3,2,2,1,2,2,2,2,2,2,2,3,2,1
"1328",8302,8696,768,846,805,883,2,1,2,2,2,3,2,2,2,3,3,2,1,2,2,2,2,2,2,2,3,2,3
"1329",8370,9864,836,778,870,829,2,1,2,2,3,3,2,2,2,3,2,2,1,2,2,2,2,2,2,2,3,2,2
"1330",10252,9825,867,816,925,861,1,1,1,2,2,2,1,1,2,3,2,3,1,2,2,2,2,2,2,2,3,2,2
"1331",8655,8559,788,797,843,883,2,1,2,2,2,2,2,2,2,3,2,2,1,2,2,2,2,2,2,2,3,2,2
"1332",8586,8455,889,896,930,929,2,1,2,2,2,2,2,2,2,3,2,2,1,2,2,2,2,2,2,2,3,2,1
"1334",8602,9850,817.8481077,777,868.4805294,850,2,1,2,2,2,3,2,2,2,3,2,3,1,3,2,2,3,2,2,2,3,2,2
"1337",8668,10003,797,845,879,857,1,1,1,2,2,2,2,1,2,3,2,2,1,2,2,2,2,2,2,2,3,2,3
"1338",8560,8633,907,801,952,856,2,1,2,1,3,2,3,1,2,3,3,1,1,2,2,2,2,2,2,2,3,3,2
"1339",10267,8305,809,833,837,907,1,1,2,2,2,2,2,2,2,3,2,1,1,2,2,2,2,2,2,2,3,2,2
"1340",8634,8661,799,957,841,990,2,1,2,2,2,2,2,2,2,3,2,1,1,1,1,2,1,2,1,2,3,2,3
"1341",10261,8659,796,838,830,886,2,1,2,2,2,2,2,2,2,3,2,2,1,2,2,2,3,2,2,2,3,2,3
"1343",8696,8603,786,758,830,804,2,1,2,2,2,2,2,2,2,3,2,2,1,2,2,2,3,2,2,2,3,3,1
"1346",10205,8370,778,819.5939669,816,868.0962077,2,1,2,2,2,2,2,2,2,3,2,1,1,1,2,2,2,2,2,2,3,2,3
"1349",8302,7878,787,850,812,873,2,1,2,2,3,3,2,2,2,3,3,2,1,2,2,2,2,2,2,2,3,2,3
"1351",8659,8668,840,800,872,831,2,1,2,2,2,2,2,2,2,3,2,2,1,2,2,2,2,2,2,2,3,2,2
"1352",9850,9879,839,772,869,827,2,1,2,2,2,2,2,2,2,3,2,2,1,2,2,2,3,2,2,2,3,2,2
"1353",8472,8456,893,807,944,865,2,1,2,2,2,2,2,1,2,3,2,3,1,2,2,2,3,2,2,2,3,2,1
"1354",9825,10172,796,866,835,922,2,1,2,2,2,2,2,2,2,3,2,1,1,1,2,2,2,1,1,2,3,2,2
"1356",8559,8602,788,772,848,841,3,1,3,2,2,3,2,2,2,3,2,2,1,2,2,2,2,2,2,2,3,2,3
"1358",8603,9864,834,788,874,828,2,1,2,2,3,3,2,2,2,3,2,2,1,2,2,2,2,2,2,2,3,2,3
"1359",8315,8634,920,816,960,855,1,1,1,1,2,1,2,1,2,3,2,2,1,2,2,2,3,2,2,2,3,3,2
"1363",10003,8586,876,794,926,873,2,1,2,2,2,2,2,2,2,3,2,1,1,1,2,2,2,2,1,2,3,2,2
"1365",8305,9906,846,810,916,847,2,1,2,2,3,2,2,2,2,3,2,1,1,2,2,2,2,2,2,2,3,2,2
"1368",10260,8655,790,859,855,916,2,1,2,2,2,2,2,2,2,3,2,2,1,2,2,2,2,2,2,2,3,2,3
"1370",10261,10003,799,835,869,893,1,1,1,2,2,2,2,1,2,3,2,2,1,2,2,2,3,2,2,2,3,2,3
"1371",9879,8559,784,829,848,867,2,1,2,2,2,2,2,2,2,3,2,2,1,2,2,2,2,2,2,2,3,2,3
"1372",8528,8455,872,783,926,848,2,1,2,2,2,2,2,2,2,3,2,2,1,2,2,2,2,2,2,2,3,2,2
"1374",8668,9850,766,840,813,862,2,1,2,2,2,3,2,2,2,3,2,2,1,2,2,2,2,2,2,2,3,2,1
"1376",8586,8472,801,889,861,920,3,1,2,2,2,3,2,2,2,3,2,2,1,2,2,2,2,2,2,2,3,2,1
"1378",10205,8603,786,839,830,874,2,1,2,2,2,2,2,2,2,3,2,1,1,1,2,2,2,2,2,2,3,2,2
"1379",8634,8394,777,931,828,964,2,1,1,2,2,2,2,2,2,3,2,1,1,1,1,2,1,2,1,2,3,2,3
"1382",8560,8558,803,800,850,849,2,1,2,2,2,2,2,2,2,3,2,1,1,2,2,2,2,2,2,2,3,3,1
"1383",8456,9825,877,884,917,937,1,1,1,2,2,2,1,1,2,3,2,2,1,2,2,2,2,2,1,2,3,2,2
"1388",7878,8661,797,819.5939669,844,802,2,1,2,2,2,2,2,2,2,3,2,2,1,2,2,3,3,2,2,2,3,3,1
"1389",10194,10252,792,802,863,861,3,1,2,2,2,2,2,2,2,3,2,3,1,3,2,2,3,2,2,2,3,2,1
"1390",8472,8668,827,796,861,855,2,1,2,2,2,2,2,2,2,3,2,3,1,2,2,2,3,2,2,2,3,2,2
"1391",8455,9879,821,882,863,914,2,1,2,2,2,2,2,2,2,3,2,2,1,2,2,2,2,2,2,2,3,2,1
"1392",8559,10261,834,778,892,833,2,1,2,2,2,3,2,2,2,3,2,2,1,2,2,2,2,2,2,2,3,2,2
"1393",9850,8586,863,765,912,813,2,1,2,2,2,2,2,2,2,3,2,2,1,2,2,2,3,2,2,2,3,2,3
"1394",8696,9864,834,747,872,797,2,1,2,2,3,3,2,2,2,3,2,2,1,2,2,2,3,2,2,2,3,3,2
"1395",8650,8655,791,820,860,882,2,1,2,2,2,2,2,2,2,3,2,2,1,2,2,2,3,2,2,2,3,2,3
"1397",8603,8560,780,793,825,827,1,1,2,2,2,2,2,2,2,3,3,2,1,2,2,2,2,2,2,2,3,2,1
"1401",10260,8528,788,886,841,936,2,1,2,2,2,2,2,2,2,3,2,2,1,2,2,2,2,2,2,2,3,2,2
"1405",8633,9906,849,937,908,963,2,1,2,2,3,2,2,2,2,3,2,2,1,2,1,3,2,3,1,2,3,3,3
"1407",8661,8696,817.8481077,802,868.4805294,842,2,1,2,2,2,3,2,2,2,3,3,2,1,2,2,2,2,2,2,2,3,2,3
"1408",9864,10205,838,831,879,864,1,1,1,2,2,2,2,2,2,3,2,2,1,2,2,3,3,2,2,2,3,2,2
"1411",8602,8472,802,747,864,834,3,1,2,2,2,3,2,2,2,3,2,3,1,3,2,2,3,2,2,2,3,2,1
"1412",8655,10003,799,797,883,862,1,1,1,2,2,2,2,1,2,3,2,2,1,2,2,2,2,2,2,2,3,2,2
"1413",10172,8659,799,798,845,830,2,1,2,2,2,2,2,2,2,3,2,2,1,2,2,2,2,2,2,2,3,2,2
"1416",10252,10260,869,804,919,880,2,1,2,2,2,2,2,2,2,3,2,3,1,2,2,2,2,2,2,2,3,2,2
"1418",8661,8315,820,777,878,823,2,1,2,2,2,3,2,2,2,3,3,2,1,2,2,2,2,2,2,2,3,2,2
"1422",8696,10205,826,760,868.4805294,806,1,1,1,2,2,2,2,2,2,3,2,2,1,2,2,2,3,2,2,2,3,3,1
"1423",10267,8558,804,835,846,899,2,1,2,2,2,2,2,2,2,3,2,1,1,2,2,2,2,2,2,2,3,2,2
"1425",8302,8305,794,820,826,877,1,1,2,2,2,2,2,2,2,3,2,2,1,2,2,2,2,2,2,2,3,2,2
"1428",9850,8655,792,764,847,818,2,1,2,2,2,2,2,2,2,3,2,2,1,2,2,2,3,2,2,2,3,2,2
"1432",8586,10172,796,898,835,927,2,1,2,2,2,2,2,2,2,3,2,2,1,2,2,2,2,2,2,2,3,2,2
"1433",8633,8634,924,938,957,967,1,1,1,1,2,1,2,1,2,3,2,2,1,2,1,3,2,3,1,2,3,3,3
"1434",8394,8661,799,782,842,831,2,1,2,2,2,2,2,2,2,3,2,2,1,1,2,2,2,2,2,2,3,2,2
"1435",8370,9869,817.8481077,754,868.4805294,797,2,1,2,2,3,2,2,2,2,3,2,2,1,2,2,2,2,2,2,2,3,2,2
"1436",8581,8302,834,799,881,827,2,1,2,2,2,2,2,2,2,3,2,2,1,2,2,2,2,2,2,2,3,2,1
"1437",8659,8650,864,810,912,856,2,1,2,2,2,3,2,2,2,3,2,2,1,2,2,2,2,2,2,2,3,2,3
"1438",8668,10260,872,842,920,858,2,1,2,2,2,2,2,2,2,3,2,2,1,2,2,2,2,2,2,2,3,2,1
"1441",8315,8696,775,811,808,863,2,1,2,2,2,3,2,2,2,3,3,2,1,2,2,2,3,2,2,2,3,3,3
"1443",8305,7878,788,810,814,839,2,1,2,2,3,3,2,2,2,3,3,1,1,2,2,2,2,2,2,2,3,2,2
"1444",8558,9906,852,806,921,874,2,1,2,2,3,2,2,2,2,3,2,2,1,2,2,2,2,2,2,2,3,2,2
"1445",9864,8371,788,839,808,875,2,1,2,2,2,2,2,2,2,3,3,2,1,2,2,3,3,2,2,2,3,2,1
"1446",8559,10252,794,776,850,842,3,1,2,2,2,2,2,2,2,3,2,2,1,2,2,2,2,2,2,2,3,2,3
"1448",8650,9850,763,877,816,907,2,1,2,2,2,3,2,2,2,3,2,2,1,2,2,2,3,2,2,2,3,2,3
"1450",8559,8472,802,774,858,841,3,1,2,2,2,3,2,2,2,3,2,2,1,2,2,2,2,2,2,2,3,2,1
"1451",8602,10003,794,799,872,834,1,1,1,2,2,2,2,1,2,3,2,3,1,3,2,2,3,2,2,2,3,2,1
"1452",10252,8659,806,814,856,868,2,1,2,2,2,2,2,2,2,3,2,3,1,2,2,2,2,2,2,2,3,2,1
"1453",10261,8528,788,847,841,902,2,1,2,2,2,2,2,2,2,3,2,2,1,2,2,2,3,2,2,2,3,2,2
"1454",8371,10205,823,788,874,817,1,1,1,2,2,2,2,2,2,3,2,2,1,2,2,2,2,2,2,2,3,3,1
"1456",9869,8558,803,819.5939669,854,868.0962077,2,1,2,2,2,2,2,2,2,3,2,2,1,2,2,3,2,2,2,2,3,2,3
"1458",7878,8581,796,819.5939669,826,814,2,1,2,2,2,2,2,2,2,3,2,2,1,2,2,3,3,2,2,2,3,3,2
"1459",10172,8455,889,795,920,819,2,1,2,2,2,2,2,2,2,3,2,2,1,2,2,2,2,2,2,2,3,2,2
"1460",8655,8586,873,796,924,861,2,1,2,2,2,2,2,2,2,3,2,2,1,2,2,2,2,2,2,2,3,2,2
"1461",10267,9864,834,830,869,899,2,1,2,2,3,3,2,2,2,3,2,1,1,2,2,2,2,2,2,2,3,2,2
"1462",8315,8394,783,798,832,843,2,1,1,2,2,2,2,2,2,3,2,2,1,2,2,2,3,2,2,2,3,3,2
"1463",8634,8370,766,905,819,935,2,1,2,2,2,2,2,2,2,3,2,1,1,1,1,2,1,2,1,2,3,2,3
"1465",8302,8633,916,809,956,874,2,1,2,1,3,2,3,1,2,3,3,2,1,2,2,2,2,2,2,2,3,2,2
"1466",10260,8456,898,879,943,921,2,1,2,2,2,2,2,1,2,3,2,2,1,2,2,2,2,2,2,2,3,2,2
"1468",8668,10194,819,842,861,868,3,1,3,2,2,3,2,2,2,3,2,2,1,2,2,2,2,2,2,2,3,2,1
"1469",8558,7878,784,803,809,849,2,1,2,2,3,3,2,2,2,3,3,2,1,2,2,2,2,2,2,2,3,2,2
"1471",10205,9869,817.8481077,815,868.4805294,866,2,1,2,2,3,2,2,2,2,3,2,1,1,1,2,2,2,2,2,2,3,2,3
"1472",8586,8559,793,890,839,927,2,1,2,2,2,2,2,2,2,3,2,2,1,2,2,2,2,2,2,2,3,2,3
"1473",10261,8455,867,839,915,897,2,1,2,2,2,2,2,2,2,3,2,2,1,2,2,2,3,2,2,2,3,2,3
"1475",8603,8302,836,797,883,829,2,1,2,2,2,2,2,2,2,3,2,2,1,2,2,2,2,2,2,2,3,2,3
"1476",8581,8394,783,798,832,820,2,1,1,2,2,2,2,2,2,3,2,2,1,2,2,2,2,2,2,2,3,2,2
"1477",8633,8315,815,933,861,960,2,1,2,2,2,3,2,2,2,3,3,2,1,2,1,3,2,3,1,2,3,3,3
"1478",8371,10267,840,792,897,814,1,1,2,2,2,2,2,2,2,3,2,2,1,2,2,2,2,2,2,2,3,3,2
"1480",9864,8634,896,824,942,858,1,1,1,1,2,1,2,1,2,3,2,2,1,2,2,3,3,2,2,2,3,2,2
"1481",9850,9825,866,819.5939669,924,868.0962077,1,1,1,2,2,2,1,1,2,3,2,2,1,2,2,2,3,2,2,2,3,2,1
"1482",9864,9906,844,835,916,868,2,1,2,2,3,2,2,2,2,3,2,2,1,2,2,3,3,2,2,2,3,2,2
"1483",8696,8394,780,819.5939669,824,868.0962077,2,1,1,2,2,2,2,2,2,3,2,2,1,2,2,2,3,2,2,2,3,3,2
"1484",8370,8302,818,767,872,797,2,1,2,2,2,2,2,2,2,3,2,2,1,2,2,2,2,2,2,2,3,2,2
"1485",10205,10267,838,814,895,873,1,1,2,2,2,2,2,2,2,3,2,1,1,1,2,2,2,2,2,2,3,2,2
"1486",8305,8315,776,783,827,834,2,1,2,2,2,3,2,2,2,3,3,1,1,2,2,2,2,2,2,2,3,2,1
"1488",8560,8371,786,796,821,837,2,1,2,2,2,2,2,2,2,3,3,1,1,2,2,2,2,2,2,2,3,3,2
"1489",8581,8661,789,805,833,829,2,1,2,2,2,2,2,2,2,3,2,2,1,2,2,2,2,2,2,2,3,2,2
"1490",8603,9869,817.8481077,776,868.4805294,826,2,1,2,2,3,2,2,2,2,3,2,2,1,2,2,2,2,2,2,2,3,2,2
"1491",8633,7878,784,819.5939669,809,939,2,1,2,2,3,3,2,2,2,3,3,2,1,2,1,3,2,3,1,2,3,3,3
"1492",8586,10252,812,890,856,927,3,1,2,2,2,2,2,2,2,3,2,2,1,2,2,2,2,2,2,2,3,2,1
"1493",8659,8559,793,786,839,831,2,1,2,2,2,2,2,2,2,3,2,2,1,2,2,2,2,2,2,2,3,2,1
"1495",10003,10260,885,793,938,869,2,1,2,2,2,2,2,2,2,3,2,1,1,1,2,2,2,2,1,2,3,2,2
"1496",8456,10261,836,895,898,942,2,1,2,2,2,3,2,2,2,3,2,2,1,2,2,2,2,2,1,2,3,2,3
"1500",8455,8650,864,848,914,894,2,1,2,2,2,3,2,2,2,3,2,2,1,2,2,2,2,2,2,2,3,2,2
"1501",10267,8560,796,787,837,881,1,1,2,2,2,2,2,2,2,3,3,1,1,2,2,2,2,2,2,2,3,2,2
"1502",8634,8603,789,941,828,969,2,1,2,2,2,2,2,2,2,3,2,1,1,1,1,2,1,2,1,2,3,2,1
"1503",8655,8455,835,775,894,858,2,1,2,2,2,2,2,2,2,3,2,2,1,2,2,2,2,2,2,2,3,2,2
"1506",10252,9850,817.8481077,811,868.4805294,865,2,1,2,2,2,3,2,2,2,3,2,3,1,2,2,2,2,2,2,2,3,2,2
"1508",10260,8472,810,877,863,925,3,1,2,2,2,3,2,2,2,3,2,2,1,2,2,2,2,2,2,2,3,2,3
"1509",8650,10003,799,868,883,901,1,1,1,2,2,2,2,1,2,3,2,2,1,2,2,2,3,2,2,2,3,2,2
"1510",9879,8586,869,825,923,864,2,1,2,2,2,2,2,2,2,3,2,2,1,2,2,2,2,2,2,2,3,2,2
"1511",9825,8659,817.8481077,836,868.4805294,895,2,1,2,2,2,2,2,2,2,3,2,1,1,1,2,2,2,1,1,2,3,2,3
"1513",9906,10205,826,839,872,907,1,1,1,2,2,2,2,2,2,3,2,2,1,2,2,3,2,2,2,2,3,2,3
"1515",8302,8558,810,827,864,870,2,1,2,2,2,2,2,2,2,3,2,2,1,2,2,2,2,2,2,2,3,2,1
"1516",8315,8581,792,826,826,876,2,1,2,2,2,2,2,2,2,3,2,2,1,2,2,2,3,2,2,2,3,3,2
"1517",8371,8696,817.8481077,790,868.4805294,818,2,1,2,2,2,3,2,2,2,3,3,2,1,2,2,2,2,2,2,2,3,3,3
"1519",9869,9864,844,819.5939669,883,868.0962077,2,1,2,2,3,3,2,2,2,3,2,2,1,2,2,3,2,2,2,2,3,2,2
"1520",7878,8370,782,819.5939669,816,815,2,1,2,2,2,2,2,2,2,3,2,2,1,2,2,3,3,2,2,2,3,3,2
"1521",8472,9825,853,796,916,869,1,1,1,2,2,2,1,1,2,3,2,3,1,2,2,2,3,2,2,2,3,2,1
"1524",10003,10172,810,806,865,877,2,1,2,2,2,2,2,2,2,3,2,1,1,1,2,2,2,2,1,2,3,2,3
"1526",8650,8659,808,893,848,928,2,1,2,2,2,2,2,2,2,3,2,2,1,2,2,2,3,2,2,2,3,2,2
"1528",8305,8302,848,806,894,849,2,1,2,2,2,2,2,2,2,3,2,1,1,2,2,2,2,2,2,2,3,2,2
"1529",9864,9910,762,826,817,864,2,1,2,2,2,3,2,2,2,3,3,2,1,2,2,3,3,2,2,2,3,2,3
"1531",8466,8456,892,819.5939669,946,835,2,1,2,2,2,2,2,1,2,3,2,2,1,2,2,2,2,2,2,2,3,2,2
"1532",8455,8528,791,890,842,925,2,1,2,2,2,2,2,2,2,3,2,2,1,2,2,2,2,2,2,2,3,2,3
"1533",8603,8315,810,782,855,833,2,1,2,2,2,3,2,2,2,3,3,2,1,2,2,2,2,2,2,2,3,2,3
"1536",9906,8581,796,845,815,903,2,1,2,2,2,2,2,2,2,3,2,2,1,2,2,3,2,2,2,2,3,2,1
"1537",10260,8668,836,892,866,941,2,1,2,2,2,2,2,2,2,3,2,2,1,2,2,2,2,2,2,2,3,2,2
"1538",10281,8394,775,738,827,791,2,1,1,2,2,2,2,2,2,3,2,2,1,2,2,2,3,2,2,2,3,2,3
"1539",7878,8370,756,800,803,828,2,1,2,2,2,2,2,2,2,3,2,2,1,2,2,3,3,2,2,2,3,3,2
"1542",8668,10252,793,844,873,870,3,1,2,2,2,2,2,2,2,3,2,2,1,2,2,2,2,2,2,2,3,2,3
"1545",10172,9850,782,817,830,861,2,1,2,2,2,3,2,2,2,3,2,2,1,2,2,2,2,2,2,2,3,2,1
"1546",8528,8466,782,798,836,845,2,1,2,2,2,2,2,2,2,3,2,2,1,2,2,2,2,2,2,2,3,2,3
"1549",8370,8603,777,755,827,804,2,1,2,2,2,2,2,2,2,3,2,2,1,2,2,2,2,2,2,2,3,2,3
"1550",8394,8558,800,819.5939669,840,868.0962077,2,1,2,2,2,2,2,2,2,3,2,2,1,1,2,2,2,2,2,2,3,2,3
"1551",8661,9864,807,769,847,819,2,1,2,2,3,3,2,2,2,3,2,2,1,2,2,2,2,2,2,2,3,2,1
"1553",8456,8650,833,888,912,934,2,1,2,2,2,3,2,2,2,3,2,2,1,2,2,2,2,2,1,2,3,2,1
"1554",9825,10194,810,855,865,906,3,1,3,2,2,3,2,2,2,3,2,1,1,1,2,2,2,1,1,2,3,2,1
"1555",8634,8371,782,957,802,989,2,1,2,2,2,2,2,2,2,3,3,1,1,1,1,2,1,2,1,2,3,2,3
"1556",9783,10267,843,798,903,847,1,1,2,2,2,2,2,2,2,3,2,2,1,2,2,2,2,3,2,2,3,2,1
"1557",8633,8305,806,934,850,964,1,1,2,2,2,2,2,2,2,3,2,2,1,2,1,3,2,3,1,2,3,3,2
"1558",8302,7878,790,855,831,901,2,1,2,2,3,3,2,2,2,3,3,2,1,2,2,2,2,2,2,2,3,2,1
"1560",8581,10281,746,808,791,819,2,1,2,2,2,3,2,2,2,3,2,2,1,2,2,2,2,2,2,2,3,2,2
"1562",8472,10003,807,822,879,884,1,1,1,2,2,2,2,1,2,3,2,3,1,2,2,2,3,2,2,2,3,2,1
"1563",9850,8586,849,785,907,832,2,1,2,2,2,2,2,2,2,3,2,2,1,2,2,2,3,2,2,2,3,2,1
"1564",8668,8659,798,850,845,874,2,1,2,2,2,2,2,2,2,3,2,2,1,2,2,2,2,2,2,2,3,2,2
"1565",9879,8654,797,833,837,857,2,1,2,2,2,2,2,2,1,3,2,2,1,2,2,2,2,2,2,2,3,2,2
"1566",10194,8528,797,803,840,865,2,1,2,2,2,2,2,2,2,3,2,3,1,3,2,2,3,2,2,2,3,2,1
"1568",8560,8661,781,780,819,832,2,1,2,2,2,2,2,2,2,3,2,1,1,2,2,2,2,2,2,2,3,3,2
"1569",8371,9910,763,779,817,813,2,1,2,2,2,3,2,2,2,3,3,2,1,2,2,2,2,2,2,2,3,3,2
"1570",8305,9783,794,813,833,856,2,1,2,2,2,2,3,2,2,3,2,1,1,2,2,2,2,2,2,2,3,2,1
"1571",9825,8650,875,847,922,904,2,1,2,2,2,3,2,2,2,3,2,1,1,1,2,2,2,1,1,2,3,2,3
"1572",10252,10261,840,783,902,858,2,1,2,2,2,3,2,2,2,3,2,3,1,2,2,2,2,2,2,2,3,2,1
"1574",10281,8315,813,739,858,791,2,1,2,2,2,3,2,2,2,3,3,2,1,2,2,2,3,2,2,2,3,2,2
"1577",7878,8633,914,792,953,823,2,1,2,1,3,2,3,1,2,3,3,2,1,2,2,3,3,2,2,2,3,3,2
"1578",8302,8370,756,853,812,888,2,1,2,2,2,2,2,2,2,3,2,2,1,2,2,2,2,2,2,2,3,2,1
"1579",8466,9825,839,819.5939669,915,841,1,1,1,2,2,2,1,1,2,3,2,2,1,2,2,2,2,2,2,2,3,2,2
"1580",10003,10252,789,785,866,852,3,1,2,2,2,2,2,2,2,3,2,1,1,1,2,2,2,2,1,2,3,2,2
"1581",8659,9879,822,793,851,835,2,1,2,2,2,2,2,2,2,3,2,2,1,2,2,2,2,2,2,2,3,2,2
"1582",8528,10260,858,792,907,833,2,1,2,2,2,2,2,2,2,3,2,2,1,2,2,2,2,2,2,2,3,2,2
"1585",8456,10194,821,874,875,938,3,1,3,2,2,3,2,2,2,3,2,2,1,2,2,2,2,2,1,2,3,2,1
"1586",8650,8472,810,877,875,928,3,1,2,2,2,3,2,2,2,3,2,2,1,2,2,2,3,2,2,2,3,2,1
"1588",9910,10267,840,753,906,824,1,1,2,2,2,2,2,2,2,3,2,2,1,2,2,2,3,2,2,2,3,3,2
"1592",8370,9906,836,748,910,804,2,1,2,2,3,2,2,2,2,3,2,2,1,2,2,2,2,2,2,2,3,2,2
"1593",8315,8558,803,813,856,860,2,1,2,2,2,2,2,2,2,3,2,2,1,2,2,2,3,2,2,2,3,3,1
"1598",8603,10281,746,773,791,828,2,1,2,2,2,3,2,2,2,3,2,2,1,2,2,2,2,2,2,2,3,2,3
"1599",10194,8455,883,804,941,873,2,1,2,2,2,2,2,2,2,3,2,3,1,3,2,2,3,2,2,2,3,2,2
"1600",10252,8466,757,807,830,869,2,1,2,2,2,2,2,2,2,3,2,3,1,2,2,2,2,2,2,2,3,2,2
"1601",8668,10003,789,853,855,882,1,1,1,2,2,2,2,1,2,3,2,2,1,2,2,2,2,2,2,2,3,2,3
"1602",9798,8659,803,761,863,809,2,1,2,2,2,2,2,2,2,3,2,2,1,2,2,2,2,2,2,2,3,2,2
"1603",8472,8654,788,816,823,875,2,1,2,2,2,2,2,2,1,3,2,3,1,2,2,2,3,2,2,2,3,2,1
"1605",8558,8603,783,813,829,861,2,1,2,2,2,2,2,2,2,3,2,2,1,2,2,2,2,2,2,2,3,2,2
"1608",7878,8634,912,798,966,832,1,1,1,1,2,1,2,1,2,3,2,2,1,2,2,3,3,2,2,2,3,3,2
"1609",10260,8650,861,865,915,916,2,1,2,2,2,3,2,2,2,3,2,2,1,2,2,2,2,2,2,2,3,2,3
"1610",9825,8456,885,850,939,903,2,1,2,2,2,2,2,1,2,3,2,1,1,1,2,2,2,1,1,2,3,2,1
"1611",9850,10261,820,788,880,836,2,1,2,2,2,3,2,2,2,3,2,2,1,2,2,2,3,2,2,2,3,2,2
"1612",10172,8586,857,844,910,876,2,1,2,2,2,2,2,2,2,3,2,2,1,2,2,2,2,2,2,2,3,2,2
"1617",8302,9783,794,845,833,878,2,1,2,2,2,2,3,2,2,3,2,2,1,2,2,2,2,2,2,2,3,2,3
"1620",8455,9825,839,910,909,945,1,1,1,2,2,2,1,1,2,3,2,2,1,2,2,2,2,2,2,2,3,2,3
"1622",8456,9879,839,883,861,946,2,1,2,2,2,2,2,2,2,3,2,2,1,2,2,2,2,2,1,2,3,2,3
"1624",8650,9850,787,853,829,917,2,1,2,2,2,3,2,2,2,3,2,2,1,2,2,2,3,2,2,2,3,2,3
"1626",10003,10194,816,793,873,873,3,1,3,2,2,3,2,2,2,3,2,1,1,1,2,2,2,2,1,2,3,2,2
"1627",8528,8472,818,800,881,846,3,1,2,2,2,3,2,2,2,3,2,2,1,2,2,2,2,2,2,2,3,2,2
"1628",8603,9864,812,779,851,815,2,1,2,2,3,3,2,2,2,3,2,2,1,2,2,2,2,2,2,2,3,2,2
"1629",8315,8560,783,810,834,858,1,1,2,2,2,2,2,2,2,3,3,2,1,2,2,2,3,2,2,2,3,3,2
"1630",8394,10267,846,764,905,829,1,1,2,2,2,2,2,2,2,3,2,2,1,1,2,2,2,2,2,2,3,2,2
"1631",8634,8302,834,950,882,982,2,1,2,2,2,2,2,2,2,3,2,1,1,1,1,2,1,2,1,2,3,2,3
"1634",9906,8558,791,825,853,899,2,1,2,2,2,2,2,2,2,3,2,2,1,2,2,3,2,2,2,2,3,2,3
"1635",8581,8371,776,810,805,822,2,1,2,2,2,2,2,2,2,3,3,2,1,2,2,2,2,2,2,2,3,2,2
"1636",9910,7878,797,753,842,821,2,1,2,2,3,3,2,2,2,3,3,2,1,2,2,2,3,2,2,2,3,3,2
"1637",9783,8633,912,791,965,842,2,1,2,1,3,2,3,1,2,3,3,2,1,2,2,2,2,3,2,2,3,2,2
"1640",8302,9910,762,813,814,864,2,1,2,2,2,3,2,2,2,3,3,2,1,2,2,2,2,2,2,2,3,2,2
"1643",9798,10003,790,754,863,800,1,1,1,2,2,2,2,1,2,3,2,2,1,2,2,2,2,2,2,2,3,2,1
"1644",10172,8659,811,847,848,865,2,1,2,2,2,2,2,2,2,3,2,2,1,2,2,2,2,2,2,2,3,2,2
"1645",9825,8654,790,852,838,909,2,1,2,2,2,2,2,2,1,3,2,1,1,1,2,2,2,1,1,2,3,2,3
"1646",8668,8528,797,853,840,882,2,1,2,2,2,2,2,2,2,3,2,2,1,2,2,2,2,2,2,2,3,2,1
"1648",8560,8603,759,785,818,846,2,1,2,2,2,2,2,2,2,3,2,1,1,2,2,2,2,2,2,2,3,3,2
"1652",10260,10261,814,858,881,920,2,1,2,2,2,3,2,2,2,3,2,2,1,2,2,2,2,2,2,2,3,2,3
"1654",10252,8586,858,772,921,845,2,1,2,2,2,2,2,2,2,3,2,3,1,2,2,2,2,2,2,2,3,2,2
"1655",9864,9906,856,820,913,849,2,1,2,2,3,2,2,2,2,3,2,2,1,2,2,3,3,2,2,2,3,2,2
"1656",8371,8315,817,781,864,821,2,1,2,2,2,3,2,2,2,3,3,2,1,2,2,2,2,2,2,2,3,3,2
"1658",7878,8661,776,798,823,832,2,1,2,2,2,2,2,2,2,3,2,2,1,2,2,3,3,2,2,2,3,3,3
"1659",8633,8634,919,939,975,966,1,1,1,1,2,1,2,1,2,3,2,2,1,2,1,3,2,3,1,2,3,3,1
"1660",10252,9879,831,794,860,854,2,1,2,2,2,2,2,2,2,3,2,3,1,2,2,2,2,2,2,2,3,2,2
"1661",9798,8650,812,751,884,801,2,1,2,2,2,3,2,2,2,3,2,2,1,2,2,2,2,2,2,2,3,2,2
"1662",10194,10260,865,804,919,869,2,1,2,2,2,2,2,2,2,3,2,3,1,3,2,2,3,2,2,2,3,2,2
"1664",8528,10003,794,792,868,833,1,1,1,2,2,2,2,1,2,3,2,2,1,2,2,2,2,2,2,2,3,2,2
"1667",8466,8654,805,784,856,839,2,1,2,2,2,2,2,2,1,3,2,2,1,2,2,2,2,2,2,2,3,2,2
"1668",10281,9864,803,750,845,793,2,1,2,2,3,3,2,2,2,3,2,2,1,2,2,2,3,2,2,2,3,2,2
"1669",8315,10267,831,831,896,880,1,1,2,2,2,2,2,2,2,3,2,2,1,2,2,2,3,2,2,2,3,3,2
"1670",9910,8633,917,746,963,802,2,1,2,1,3,2,3,1,2,3,3,2,1,2,2,2,3,2,2,2,3,3,2
"1672",8668,10172,841,847,896,876,2,1,2,2,2,2,2,2,2,3,2,2,1,2,2,2,2,2,2,2,3,2,1
"1673",10261,8472,818,849,884,904,3,1,2,2,2,3,2,2,2,3,2,2,1,2,2,2,3,2,2,2,3,2,1
"1678",8394,7878,790,760,833,824,2,1,2,2,3,3,2,2,2,3,3,2,1,1,2,2,2,2,2,2,3,2,3
"1679",8661,8302,830,764,881,818,2,1,2,2,2,2,2,2,2,3,2,2,1,2,2,2,2,2,2,2,3,2,2
"1682",10003,8456,882,794,944,875,2,1,2,2,2,2,2,1,2,3,2,1,1,1,2,2,2,2,1,2,3,2,2
"1684",8472,10194,816,802,869,876,3,1,3,2,2,3,2,2,2,3,2,3,1,2,2,2,3,2,2,2,3,2,1
"1685",8654,8528,797,809,840,847,2,1,2,2,2,2,2,2,2,3,2,2,1,2,2,2,2,2,2,1,3,2,2
"1689",8634,8370,755,927,802,966,2,1,2,2,2,2,2,2,2,3,2,1,1,1,1,2,1,2,1,2,3,2,3
"1690",10260,8455,883,874,941,931,2,1,2,2,2,2,2,2,2,3,2,2,1,2,2,2,2,2,2,2,3,2,3
"1691",8650,8668,840,819.5939669,881,898,2,1,2,2,2,2,2,2,2,3,2,2,1,2,2,2,3,2,2,2,3,2,1
"1692",8659,10261,835,813,879,858,2,1,2,2,2,3,2,2,2,3,2,2,1,2,2,2,2,2,2,2,3,2,2
"1695",8305,8315,817,804,862,842,2,1,2,2,2,3,2,2,2,3,3,1,1,2,2,2,2,2,2,2,3,2,3
"1697",8302,8394,777,845,837,876,2,1,1,2,2,2,2,2,2,3,2,2,1,2,2,2,2,2,2,2,3,2,2
"1698",8633,8661,777,937,828,973,2,1,2,2,2,2,2,2,2,3,2,2,1,2,1,3,2,3,1,2,3,3,3
"1699",8560,10281,743,790,787,849,2,1,2,2,2,3,2,2,2,3,2,1,1,2,2,2,2,2,2,2,3,3,1
"1702",10194,9850,795,807,836,867,2,1,2,2,2,3,2,2,2,3,2,3,1,3,2,2,3,2,2,2,3,2,2
"1704",8455,10003,780,877,842,928,1,1,1,2,2,2,2,1,2,3,2,2,1,2,2,2,2,2,2,2,3,2,1
"1705",8528,8586,855,803,912,841,2,1,2,2,2,2,2,2,2,3,2,2,1,2,2,2,2,2,2,2,3,2,3
"1706",8456,8654,800,883,848,950,2,1,2,2,2,2,2,2,1,3,2,2,1,2,2,2,2,2,1,2,3,2,1
"1707",8370,9864,807,769,843,797,2,1,2,2,3,3,2,2,2,3,2,2,1,2,2,2,2,2,2,2,3,2,3
"1709",8394,8633,919,762,963,831,2,1,2,1,3,2,3,1,2,3,3,2,1,1,2,2,2,2,2,2,3,2,2
"1710",9910,8634,924,752,974,813,1,1,1,1,2,1,2,1,2,3,2,2,1,2,2,2,3,2,2,2,3,3,2
"1713",8558,8560,780,784,826,847,1,1,2,2,2,2,2,2,2,3,3,2,1,2,2,2,2,2,2,2,3,2,3
"1717",8661,9783,786,780,825,824,2,1,2,2,2,2,3,2,2,3,2,2,1,2,2,2,2,2,2,2,3,2,2
"1719",8603,8305,809,763,844,823,1,1,2,2,2,2,2,2,2,3,2,2,1,2,2,2,2,2,2,2,3,2,3
"1720",7878,8603,766,794,812,825,2,1,2,2,2,2,2,2,2,3,2,2,1,2,2,3,3,2,2,2,3,3,3
"1721",9879,9825,862,840,908,864,1,1,1,2,2,2,1,1,2,3,2,2,1,2,2,2,2,2,2,2,3,2,1
"1723",8472,8668,841,824,880,887,2,1,2,2,2,2,2,2,2,3,2,3,1,2,2,2,3,2,2,2,3,2,2
"1726",10172,10194,824,833,876,886,3,1,3,2,2,3,2,2,2,3,2,2,1,2,2,2,2,2,2,2,3,2,2
"1727",8659,8528,801,799,841,861,2,1,2,2,2,2,2,2,2,3,2,2,1,2,2,2,2,2,2,2,3,2,3
"1729",8371,8558,791,768,842,808,2,1,2,2,2,2,2,2,2,3,2,2,1,2,2,2,2,2,2,2,3,3,3
"1730",9783,8394,777,785,837,844,2,1,1,2,2,2,2,2,2,3,2,2,1,2,2,2,2,3,2,2,3,2,2
"1731",9910,8370,770,756,798,820,2,1,2,2,2,2,2,2,2,3,2,2,1,2,2,2,3,2,2,2,3,3,2
"1734",8654,10261,826,800,895,838,2,1,2,2,2,3,2,2,2,3,2,2,1,2,2,2,2,2,2,1,3,2,3
"1735",10267,10281,735,823,775,904,2,1,2,2,2,3,2,2,2,3,2,1,1,2,2,2,2,2,2,2,3,2,1
"1736",8305,9906,844,809,911,843,2,1,2,2,3,2,2,2,2,3,2,1,1,2,2,2,2,2,2,2,3,2,2
"1737",8302,8315,826,844,875,883,2,1,2,2,2,3,2,2,2,3,3,2,1,2,2,2,2,2,2,2,3,2,2
"1738",8633,8581,800,920,822,948,2,1,2,2,2,2,2,2,2,3,2,2,1,2,1,3,2,3,1,2,3,3,3
"1739",8634,8661,770,958,814,986,2,1,2,2,2,2,2,2,2,3,2,1,1,1,1,2,1,2,1,2,3,2,3
"1741",8528,8650,835,796,902,848,2,1,2,2,2,3,2,2,2,3,2,2,1,2,2,2,2,2,2,2,3,2,2
"1745",8466,10172,823,759,882,855,2,1,2,2,2,2,2,2,2,3,2,2,1,2,2,2,2,2,2,2,3,2,3
"1746",8668,9798,753,851,783,875,2,1,2,2,2,2,2,2,2,3,2,2,1,2,2,2,2,2,2,2,3,2,2
"1747",8455,8659,800,872,853,925,2,1,2,2,2,2,2,2,2,3,2,2,1,2,2,2,2,2,2,2,3,2,2
"1748",9864,8371,771,808,804,845,2,1,2,2,2,2,2,2,2,3,3,2,1,2,2,3,3,2,2,2,3,2,1
"1751",8394,8634,919,819.5939669,966,868.0962077,1,1,1,1,2,1,2,1,2,3,2,2,1,1,2,2,2,2,2,2,3,2,2
"1752",8472,9879,825,827,861,879,2,1,2,2,2,2,2,2,2,3,2,3,1,2,2,2,3,2,2,2,3,2,3
"1753",10281,8305,811,741,849,785,1,1,2,2,2,2,2,2,2,3,2,2,1,2,2,2,3,2,2,2,3,2,2
"1755",8603,8302,834,773,880,810,2,1,2,2,2,2,2,2,2,3,2,2,1,2,2,2,2,2,2,2,3,2,2
"1759",8370,8560,802,760,857,788,1,1,2,2,2,2,2,2,2,3,3,2,1,2,2,2,2,2,2,2,3,2,2
"1760",8371,8560,807,766,857,801,1,1,2,2,2,2,2,2,2,3,3,2,1,2,2,2,2,2,2,2,3,3,1
"1762",9850,8668,829,784,863,839,2,1,2,2,2,2,2,2,2,3,2,2,1,2,2,2,3,2,2,2,3,2,1
"1763",10172,10260,865,807,919,855,2,1,2,2,2,2,2,2,2,3,2,2,1,2,2,2,2,2,2,2,3,2,2
"1764",9879,10194,816,832,875,849,3,1,3,2,2,3,2,2,2,3,2,2,1,2,2,2,2,2,2,2,3,2,2
"1765",8659,8472,821,802,876,844,3,1,2,2,2,3,2,2,2,3,2,2,1,2,2,2,2,2,2,2,3,2,3
"1767",10267,9864,817,822,853,898,2,1,2,2,3,3,2,2,2,3,2,1,1,2,2,2,2,2,2,2,3,2,2
"1768",7878,10281,741,800,777,818,2,1,2,2,2,3,2,2,2,3,2,2,1,2,2,3,3,2,2,2,3,3,2
"1769",8633,8603,756,938,815,967,2,1,2,2,2,2,2,2,2,3,2,2,1,2,1,3,2,3,1,2,3,3,2
"1770",8661,8370,817.8481077,786,868.4805294,842,2,1,2,2,2,2,2,2,2,3,2,2,1,2,2,2,2,2,2,2,3,2,2
"1771",8456,8455,879,885,940,947,2,1,2,2,2,2,2,2,2,3,2,2,1,2,2,2,2,2,1,2,3,2,1
"1775",8305,8558,769,812,842,853,2,1,2,2,2,2,2,2,2,3,2,1,1,2,2,2,2,2,2,2,3,2,3
"1779",9910,8394,775,755,827,823,2,1,1,2,2,2,2,2,2,3,2,2,1,2,2,2,3,2,2,2,3,3,3
"1782",8654,10260,854,796,920,831,2,1,2,2,2,2,2,2,2,3,2,2,1,2,2,2,2,2,2,1,3,2,2
"1783",9850,8466,748,775,839,831,2,1,2,2,2,2,2,2,2,3,2,2,1,2,2,2,3,2,2,2,3,2,1
"1784",10261,10194,816,830,875,888,3,1,3,2,2,3,2,2,2,3,2,2,1,2,2,2,3,2,2,2,3,2,2
"1785",8659,10003,783,805,859,850,1,1,1,2,2,2,2,1,2,3,2,2,1,2,2,2,2,2,2,2,3,2,2
"1786",8650,8586,867,874,919,921,2,1,2,2,2,2,2,2,2,3,2,2,1,2,2,2,3,2,2,2,3,2,2
"1787",8456,8528,787,883,840,940,2,1,2,2,2,2,2,2,2,3,2,2,1,2,2,2,2,2,1,2,3,2,3
"1788",9879,8455,861,823,926,846,2,1,2,2,2,2,2,2,2,3,2,2,1,2,2,2,2,2,2,2,3,2,1
"1791",10003,9825,858,793,927,857,1,1,1,2,2,2,1,1,2,3,2,1,1,1,2,2,2,2,1,2,3,2,3
"1792",8586,9879,819,851,856,916,2,1,2,2,2,2,2,2,2,3,2,2,1,2,2,2,2,2,2,2,3,2,3
"1793",8466,8650,859,759,916,855,2,1,2,2,2,3,2,2,2,3,2,2,1,2,2,2,2,2,2,2,3,2,2
"1794",8668,8456,905,850,944,874,2,1,2,2,2,2,2,1,2,3,2,2,1,2,2,2,2,2,2,2,3,2,1
"1795",10252,10172,821,750,866,837,2,1,2,2,2,2,2,2,2,3,2,3,1,2,2,2,2,2,2,2,3,2,1
"1797",10194,8659,798,812,835,878,2,1,2,2,2,2,2,2,2,3,2,3,1,3,2,2,3,2,2,2,3,2,3
"1799",8560,10267,832,806,903,868,1,1,2,2,2,2,2,2,2,3,2,1,1,2,2,2,2,2,2,2,3,3,3
"1803",8472,9850,779,817,829,877,2,1,2,2,2,3,2,2,2,3,2,3,1,2,2,2,3,2,2,2,3,2,2
"1806",8581,9910,775,808,823,817,2,1,2,2,2,3,2,2,2,3,3,2,1,2,2,2,2,2,2,2,3,2,1
"1810",8302,8558,791,828,846,883,2,1,2,2,2,2,2,2,2,3,2,2,1,2,2,2,2,2,2,2,3,2,1
"1811",8659,9825,869,805,931,841,1,1,1,2,2,2,1,1,2,3,2,2,1,2,2,2,2,2,2,2,3,2,2
"1812",10194,10252,761,807,843,871,3,1,2,2,2,2,2,2,2,3,2,3,1,3,2,2,3,2,2,2,3,2,1
"1815",9850,10003,785,779,860,829,1,1,1,2,2,2,2,1,2,3,2,2,1,2,2,2,3,2,2,2,3,2,3
"1816",10172,8528,774,802,834,845,2,1,2,2,2,2,2,2,2,3,2,2,1,2,2,2,2,2,2,2,3,2,1
"1817",10267,8371,774,816,794,904,2,1,2,2,2,2,2,2,2,3,3,1,1,2,2,2,2,2,2,2,3,2,3
"1819",7878,9864,812,797,851,815,2,1,2,2,3,3,2,2,2,3,2,2,1,2,2,3,3,2,2,2,3,3,2
"1821",8586,8668,840,854,881,918,2,1,2,2,2,2,2,2,2,3,2,2,1,2,2,2,2,2,2,2,3,2,2
"1822",10260,8456,889,874,950,931,2,1,2,2,2,2,2,1,2,3,2,2,1,2,2,2,2,2,2,2,3,2,3
"1824",9783,9906,847,780,907,825,2,1,2,2,3,2,2,2,2,3,2,2,1,2,2,2,2,3,2,2,3,2,2
"1826",9910,8315,814,755,859,816,2,1,2,2,2,3,2,2,2,3,3,2,1,2,2,2,3,2,2,2,3,3,2
"1827",8661,8581,785,788,824,844,2,1,2,2,2,2,2,2,2,3,2,2,1,2,2,2,2,2,2,2,3,2,2
"1828",10261,9879,822,843,851,899,2,1,2,2,2,2,2,2,2,3,2,2,1,2,2,2,3,2,2,2,3,2,2
"1829",8394,8370,817.8481077,762,868.4805294,830,2,1,2,2,2,2,2,2,2,3,2,2,1,1,2,2,2,2,2,2,3,2,3
"1830",9798,8472,818,741,884,777,3,1,2,2,2,3,2,2,2,3,2,2,1,2,2,2,2,2,2,2,3,2,2
"1831",10252,8650,871,750,916,837,2,1,2,2,2,3,2,2,2,3,2,3,1,2,2,2,2,2,2,2,3,2,3
"1832",8472,10260,881,824,944,883,2,1,2,2,2,2,2,2,2,3,2,3,1,2,2,2,3,2,2,2,3,2,2
"1834",8528,9850,786,783,827,839,2,1,2,2,2,3,2,2,2,3,2,2,1,2,2,2,2,2,2,2,3,2,2
"1835",9879,10172,819,845,864,861,2,1,2,2,2,2,2,2,2,3,2,2,1,2,2,2,2,2,2,2,3,2,2
"1842",8654,8659,795,800,837,827,2,1,2,2,2,2,2,2,2,3,2,2,1,2,2,2,2,2,2,1,3,2,1
"1847",9825,9798,757,870,785,931,2,1,2,2,2,2,2,2,2,3,2,1,1,1,2,2,2,1,1,2,3,2,3
"1848",10281,9783,787,745,819,793,2,1,2,2,2,2,3,2,2,3,2,2,1,2,2,2,3,2,2,2,3,2,1
"1849",8603,9910,779,776,825,815,2,1,2,2,2,3,2,2,2,3,3,2,1,2,2,2,2,2,2,2,3,2,3
"1851",9783,8558,815,786,850,834,2,1,2,2,2,2,2,2,2,3,2,2,1,2,2,2,2,3,2,2,3,2,2
"1853",8305,10267,844,812,907,845,1,1,2,2,2,2,2,2,2,3,2,1,1,2,2,2,2,2,2,2,3,2,2
"1854",9910,9906,843,746,896,816,2,1,2,2,3,2,2,2,2,3,2,2,1,2,2,2,3,2,2,2,3,3,2
"1855",9879,8650,878,804,918,840,2,1,2,2,2,3,2,2,2,3,2,2,1,2,2,2,2,2,2,2,3,2,2
"1856",9798,8456,863,758,933,800,2,1,2,2,2,2,2,1,2,3,2,2,1,2,2,2,2,2,2,2,3,2,2
"1857",10172,10261,826,819,887,866,2,1,2,2,2,3,2,2,2,3,2,2,1,2,2,2,2,2,2,2,3,2,2
"1858",8472,8466,766,824,853,887,2,1,2,2,2,2,2,2,2,3,2,3,1,2,2,2,3,2,2,2,3,2,3
"1859",10194,8586,861,801,926,869,2,1,2,2,2,2,2,2,2,3,2,3,1,3,2,2,3,2,2,2,3,2,1
"1860",9850,8659,800,782,853,829,2,1,2,2,2,2,2,2,2,3,2,2,1,2,2,2,3,2,2,2,3,2,2
"1863",7878,8371,775,819.5939669,800,819,2,1,2,2,2,2,2,2,2,3,3,2,1,2,2,3,3,2,2,2,3,3,3
"1864",8633,9864,813,819.5939669,854,951,2,1,2,2,3,3,2,2,2,3,2,2,1,2,1,3,2,3,1,2,3,3,2
"1868",10252,8455,878,754,936,842,2,1,2,2,2,2,2,2,2,3,2,3,1,2,2,2,2,2,2,2,3,2,2
"1869",10260,10003,787,893,858,948,1,1,1,2,2,2,2,1,2,3,2,2,1,2,2,2,2,2,2,2,3,2,1
"1871",8528,8668,833,777,863,823,2,1,2,2,2,2,2,2,2,3,2,2,1,2,2,2,2,2,2,2,3,2,2
"1872",8466,9879,808,819.5939669,851,862,2,1,2,2,2,2,2,2,2,3,2,2,1,2,2,2,2,2,2,2,3,2,1
"1873",10261,10260,875,815,918,884,2,1,2,2,2,2,2,2,2,3,2,2,1,2,2,2,3,2,2,2,3,2,2
"1874",8455,9850,787,878,828,929,2,1,2,2,2,3,2,2,2,3,2,2,1,2,2,2,2,2,2,2,3,2,3
"1877",8650,10194,816,836,878,907,3,1,3,2,2,3,2,2,2,3,2,2,1,2,2,2,3,2,2,2,3,2,2
"1878",8456,8472,810,885,877,951,3,1,2,2,2,3,2,2,2,3,2,2,1,2,2,2,2,2,1,2,3,2,2
"1879",10261,9825,869,817,933,892,1,1,1,2,2,2,1,1,2,3,2,2,1,2,2,2,3,2,2,2,3,2,2
"1881",10003,9879,807,798,863,848,2,1,2,2,2,2,2,2,2,3,2,1,1,1,2,2,2,2,1,2,3,2,3
"1883",8456,9850,787,889,830,953,2,1,2,2,2,3,2,2,2,3,2,2,1,2,2,2,2,2,1,2,3,2,3
"1885",8466,10194,810,819.5939669,869,822,3,1,3,2,2,3,2,2,2,3,2,2,1,2,2,2,2,2,2,2,3,2,1
"1887",8455,8668,835,905,870,941,2,1,2,2,2,2,2,2,2,3,2,2,1,2,2,2,2,2,2,2,3,2,3
"1888",8650,10172,813,843,867,903,2,1,2,2,2,2,2,2,2,3,2,2,1,2,2,2,3,2,2,2,3,2,3
"1889",10194,8456,899,803,930,852,2,1,2,2,2,2,2,1,2,3,2,3,1,3,2,2,2,2,2,1,3,2,2
"1890",9825,8466,790,877,839,931,2,1,2,2,2,2,2,1,2,3,2,1,1,1,2,2,2,2,1,2,3,2,1
"1891",10252,10003,817,752,855,846,2,1,2,2,2,2,2,1,2,3,2,2,1,2,2,2,2,2,2,2,3,2,1
"1893",9879,8659,788,798,834,856,2,1,2,2,2,2,2,2,1,1,2,2,1,2,2,2,2,2,2,2,3,2,3
"1894",9850,8654,785,785,820,846,3,1,3,2,2,3,1,2,1,3,2,3,1,3,2,2,3,2,2,2,3,2,2
"1895",10260,8528,812,868,841,908,2,1,2,2,2,2,2,1,2,3,2,2,1,2,2,2,3,2,2,2,3,2,3
"1900",10267,7878,794,829,824,905,2,1,2,2,3,3,2,2,2,3,3,1,1,2,2,2,2,2,2,2,3,2,3
"3143",10252,8455,887,788,937,843,3,2,2,2,2,2,3,2,2,3,2,2,1,3,2,2,2,2,2,2,3,2,2
"3144",8197,9826,790,769,822,815,2,2,3,2,3,2,2,2,2,3,2,2,2,2,2,2,2,3,2,2,3,2,2
"3145",8456,8667,793,899,838,922,2,2,2,2,2,2,2,2,2,3,2,2,2,1,2,1,2,2,2,2,3,2,3
